[
  {
    "TagName": "Home",
    "ColorString": "#FF0072BD",
    "Uid": "f7e0e137-2eb5-4fa4-a50d-ddd65df17c34"
  },
  {
    "TagName": "Work",
    "ColorString": "#FFD95319",
    "Uid": "c84a8131-c4de-47d9-9440-26e859d14b3d"
  },
  {
    "TagName": "Photos",
    "ColorString": "#FFEDB120",
    "Uid": "d4b8d4bd-ceaf-4e58-ac61-a185fcf96c5d"
  },
  {
    "TagName": "Important",
    "ColorString": "#FF77AC30",
    "Uid": "79376daf-c44a-4fe4-aa3b-8b30baea453e"
  },
  {
    "TagName": "preference",
    "ColorString": "#FF494F62",
    "Uid": "f6a24266-1208-4822-a40b-f70f0527f504"
  },
  {
    "TagName": "bin",
    "ColorString": "#FF9FE319",
    "Uid": "fcb8c953-bc73-40e7-84d4-25cea9845b49"
  }
]