{
  "ShowCloudDrivesSection": true,
  "ShowFileTagsSection": true,
  "IsEnabled": false,
  "ShowFavoritesSection": true,
  "ShowLibrarySection": false,
  "ShowDrivesSection": true,
  "ShowNetworkDrivesSection": true,
  "ShowWslSection": true,
  "IsSidebarOpen": true,
  "Actions": null,
  "RestoreTabsOnStartup": false,
  "DefaultGroupOption": 0,
  "DefaultDirectorySortDirection": 0,
  "DefaultSortDirectoriesAlongsideFiles": false,
  "ShowDateColumn": true,
  "ShowSizeColumn": true,
  "ShowGitStatusColumn": true,
  "ShowGitLastCommitDateColumn": true,
  "ShowFileTagColumn": true,
  "ShowOriginalPathColumn": true,
  "ShowSyncStatusColumn": true,
  "NameColumnWidth": 240,
  "DateCreatedColumnWidth": 200,
  "TypeColumnWidth": 140,
  "SizeColumnWidth": 140,
  "GitStatusColumnWidth": 50,
  "GitLastCommitDateColumnWidth": 140,
  "GitLastCommitMessageColumnWidth": 140,
  "GitCommitAuthorColumnWidth": 140,
  "GitLastCommitShaColumnWidth": 80,
  "TagColumnWidth": 140,
  "DateDeletedColumnWidth": 200,
  "PathColumnWidth": 200,
  "OriginalPathColumnWidth": 200,
  "AlwaysOpenDualPaneInNewTab": true,
  "UseCompactStyles": false,
  "AppThemeBackgroundColor": "#320078D7",
  "AppThemeAddressBarBackgroundColor": "",
  "AppThemeSidebarBackgroundColor": "",
  "AppThemeFileAreaBackgroundColor": "",
  "AppThemeFontFamily": "Segoe UI Variable",
  "SidebarWidth": 255,
  "ShowHiddenItems": true,
  "ShowFileExtensions": true,
  "SyncFolderPreferencesAcrossDirectories": true,
  "ShowQuickAccessWidget": true,
  "ShowDrivesWidget": true,
  "ShowFileTagsWidget": false,
  "ShowRecentFilesWidget": true,
  "FoldersWidgetExpanded": true,
  "DrivesWidgetExpanded": true,
  "RecentFilesWidgetExpanded": true,
  "DefaultLayoutMode": 4,
  "DefaultGridViewSize": 160,
  "DefaultSortOption": 0,
  "DefaultDirectoryGroupDirection": 0,
  "DefaultGroupByDateUnit": 0,
  "ShowDateCreatedColumn": true,
  "ShowTypeColumn": true,
  "ShowGitLastCommitMessageColumn": true,
  "ShowGitCommitAuthorColumn": true,
  "ShowGitLastCommitShaColumn": true,
  "ShowDateDeletedColumn": true,
  "ShowPathColumn": true,
  "DateModifiedColumnWidth": 200,
  "SyncStatusColumnWidth": 50,
  "DateTimeFormat": 2,
  "CalculateFolderSizes": false,
  "ShowDotFiles": true,
  "AreAlternateStreamsVisible": false,
  "SelectFilesOnHover": false,
  "ShowCheckboxesWhenSelectingItems": true,
  "ShowThumbnails": true,
  "OpenItemsWithOneClick": false,
  "ShowOpenInNewTab": true,
  "ShowOpenInNewWindow": true,
  "ShowOpenInNewPane": true,
  "ShowSendToMenu": true,
  "MoveShellExtensionsToSubMenu": true,
  "ShowEditTagsMenu": true,
  "OpenFoldersInNewTab": false,
  "DeleteConfirmationPolicy": 0,
  "ConflictsResolveOption": 0,
  "ShowStatusCenterTeachingTip": false,
  "TabsOnStartupList": null,
  "ContinueLastSessionOnStartUp": true,
  "OpenNewTabOnStartup": false,
  "OpenSpecificPageOnStartup": false,
  "AlwaysOpenNewInstance": false,
  "SearchUnindexedItems": true,
  "AppThemeBackdropMaterial": 3,
  "DoubleClickToGoUp": false,
  "ShowFileExtensionWarning": true,
  "ColumnLayoutOpenFoldersWithOneClick": true,
  "ShowProtectedSystemFiles": false
}